timestamp,url,log_level,problem_description
2025-01-02T21:25:50,https://example.com/cart,DEBUG,
2025-04-01T21:39:47,https://example.com/home,ERROR,Session expired
2025-03-31T00:57:19,https://example.com/profile,WARNING,Session expired
2025-01-08T00:42:25,https://example.com/cart,INFO,
2025-03-30T11:09:01,https://example.com/home,WARNING,Missing resource file
2025-01-06T14:14:04,https://example.com/profile,DEBUG,
2025-01-31T02:21:17,https://example.com/products,INFO,
2025-02-12T18:57:56,https://example.com/login,INFO,
2025-04-12T09:18:33,https://example.com/logout,DEBUG,
2025-04-10T03:15:44,https://example.com/home,ERROR,Database connection timeout
2025-02-17T06:11:06,https://example.com/products,WARNING,User authentication failed
2025-02-11T22:32:31,https://example.com/profile,WARNING,User authentication failed
2025-03-21T20:45:57,https://example.com/profile,INFO,
2025-01-04T09:05:59,https://example.com/checkout,WARNING,Page not found
2025-04-10T06:31:03,https://example.com/products,WARNING,Invalid input data
2025-01-04T03:15:20,https://example.com/logout,WARNING,Invalid input data
2025-02-22T08:27:35,https://example.com/dashboard,DEBUG,
2025-03-19T11:30:45,https://example.com/cart,WARNING,Unexpected server error
2025-02-06T15:23:21,https://example.com/logout,DEBUG,
2025-01-14T07:43:21,https://example.com/products,WARNING,Payment gateway error
2025-01-10T22:32:35,https://example.com/login,WARNING,Page not found
2025-03-09T21:23:23,https://example.com/profile,ERROR,Payment gateway error
2025-04-03T13:17:30,https://example.com/logout,ERROR,User authentication failed
2025-04-10T18:11:06,https://example.com/login,DEBUG,
2025-02-01T14:14:20,https://example.com/checkout,DEBUG,
2025-01-24T06:17:04,https://example.com/checkout,ERROR,Missing resource file
2025-02-10T09:47:17,https://example.com/logout,ERROR,Invalid input data
2025-01-03T16:32:02,https://example.com/checkout,INFO,
2025-04-15T00:14:42,https://example.com/dashboard,INFO,
2025-04-19T07:24:08,https://example.com/home,DEBUG,
2025-03-03T21:17:56,https://example.com/cart,INFO,
2025-03-05T04:30:24,https://example.com/logout,WARNING,Session expired
2025-03-17T20:12:22,https://example.com/checkout,DEBUG,
2025-01-07T00:47:01,https://example.com/home,WARNING,Page not found
2025-02-11T07:01:17,https://example.com/profile,DEBUG,
2025-01-13T09:40:52,https://example.com/home,DEBUG,
2025-03-09T00:26:14,https://example.com/checkout,ERROR,User authentication failed
2025-04-21T00:14:56,https://example.com/login,ERROR,User authentication failed
2025-01-21T10:39:20,https://example.com/logout,WARNING,Invalid input data
2025-01-08T04:29:56,https://example.com/profile,DEBUG,
2025-02-28T00:57:30,https://example.com/products,DEBUG,
2025-04-25T07:38:08,https://example.com/checkout,DEBUG,
2025-01-23T02:52:25,https://example.com/home,DEBUG,
2025-01-29T00:30:25,https://example.com/home,DEBUG,
2025-03-09T19:47:42,https://example.com/home,DEBUG,
2025-02-13T06:43:58,https://example.com/home,DEBUG,
2025-04-23T14:40:14,https://example.com/login,DEBUG,
2025-04-24T08:46:32,https://example.com/logout,WARNING,Unexpected server error
2025-02-21T18:49:04,https://example.com/checkout,ERROR,Database connection timeout
2025-04-08T21:01:05,https://example.com/cart,DEBUG,
2025-04-09T03:55:13,https://example.com/home,DEBUG,
2025-02-21T01:42:04,https://example.com/profile,ERROR,Missing resource file
2025-01-08T06:18:42,https://example.com/products,DEBUG,
2025-03-31T14:04:48,https://example.com/home,INFO,
2025-04-22T13:50:09,https://example.com/products,DEBUG,
2025-03-04T11:50:00,https://example.com/products,DEBUG,
2025-03-29T22:59:02,https://example.com/products,ERROR,Page not found
2025-04-09T07:16:55,https://example.com/cart,INFO,
2025-02-08T09:03:24,https://example.com/home,ERROR,Database connection timeout
2025-04-12T12:49:04,https://example.com/profile,WARNING,Database connection timeout
2025-04-16T10:55:17,https://example.com/checkout,ERROR,User authentication failed
2025-02-17T13:31:52,https://example.com/logout,INFO,
2025-02-28T11:03:42,https://example.com/home,WARNING,Invalid input data
2025-01-26T00:15:50,https://example.com/cart,INFO,
2025-02-13T15:17:46,https://example.com/dashboard,INFO,
2025-04-15T23:49:56,https://example.com/login,INFO,
2025-02-03T20:57:50,https://example.com/logout,INFO,
2025-03-03T13:33:51,https://example.com/cart,DEBUG,
2025-02-05T16:19:10,https://example.com/logout,DEBUG,
2025-01-09T06:13:00,https://example.com/login,INFO,
2025-03-21T15:45:44,https://example.com/dashboard,ERROR,Database connection timeout
2025-04-11T08:11:34,https://example.com/logout,ERROR,Missing resource file
2025-04-17T10:15:10,https://example.com/profile,DEBUG,
2025-02-27T08:24:35,https://example.com/profile,WARNING,Unexpected server error
2025-02-19T17:34:11,https://example.com/profile,INFO,
2025-02-21T15:20:05,https://example.com/profile,WARNING,Missing resource file
2025-01-28T16:02:40,https://example.com/checkout,WARNING,Page not found
2025-01-24T12:46:25,https://example.com/cart,WARNING,Database connection timeout
2025-01-17T06:35:55,https://example.com/login,DEBUG,
2025-02-10T02:53:18,https://example.com/products,ERROR,Unexpected server error
2025-04-09T07:09:17,https://example.com/checkout,INFO,
2025-04-19T16:50:10,https://example.com/cart,ERROR,Page not found
2025-02-24T13:08:05,https://example.com/cart,INFO,
2025-01-19T00:26:48,https://example.com/home,ERROR,Invalid input data
2025-01-14T20:27:01,https://example.com/dashboard,INFO,
2025-04-01T07:02:27,https://example.com/login,ERROR,Page not found
2025-01-01T18:00:13,https://example.com/products,DEBUG,
2025-03-22T10:34:27,https://example.com/cart,INFO,
2025-04-16T08:24:25,https://example.com/home,INFO,
2025-01-15T09:30:04,https://example.com/profile,DEBUG,
2025-01-08T13:12:19,https://example.com/products,ERROR,Unexpected server error
2025-01-14T03:54:30,https://example.com/products,WARNING,User authentication failed
2025-04-16T18:37:39,https://example.com/logout,DEBUG,
2025-03-07T15:08:45,https://example.com/logout,WARNING,User authentication failed
2025-01-31T20:15:51,https://example.com/checkout,DEBUG,
2025-03-02T16:33:32,https://example.com/home,INFO,
2025-03-12T07:42:56,https://example.com/profile,INFO,
2025-04-08T12:01:38,https://example.com/checkout,WARNING,Missing resource file
2025-02-17T23:18:11,https://example.com/logout,WARNING,Payment gateway error
2025-03-19T10:13:01,https://example.com/login,ERROR,Database connection timeout
2025-02-17T00:56:56,https://example.com/logout,DEBUG,
2025-01-27T08:16:44,https://example.com/login,INFO,
2025-01-09T05:49:13,https://example.com/home,ERROR,User authentication failed
2025-03-23T23:44:07,https://example.com/login,WARNING,Unexpected server error
2025-01-23T23:33:20,https://example.com/checkout,INFO,
2025-01-27T15:19:25,https://example.com/checkout,DEBUG,
2025-02-04T08:29:48,https://example.com/login,INFO,
2025-02-03T06:45:29,https://example.com/cart,WARNING,Page not found
2025-04-18T14:02:48,https://example.com/checkout,WARNING,User authentication failed
2025-03-07T01:52:24,https://example.com/logout,DEBUG,
2025-03-27T09:05:53,https://example.com/profile,ERROR,Page not found
2025-01-15T03:43:07,https://example.com/checkout,WARNING,Session expired
2025-04-01T03:55:26,https://example.com/checkout,ERROR,Invalid input data
2025-01-16T16:44:39,https://example.com/logout,DEBUG,
2025-02-04T21:14:27,https://example.com/cart,DEBUG,
2025-04-23T21:10:39,https://example.com/login,WARNING,Page not found
2025-01-08T09:35:38,https://example.com/cart,DEBUG,
2025-03-21T16:03:02,https://example.com/profile,DEBUG,
2025-01-21T06:20:19,https://example.com/products,INFO,
2025-02-17T09:30:08,https://example.com/home,WARNING,Database connection timeout
2025-02-14T01:54:17,https://example.com/dashboard,ERROR,Unexpected server error
2025-04-08T06:28:32,https://example.com/login,INFO,
2025-01-28T19:46:25,https://example.com/home,ERROR,User authentication failed
2025-03-27T10:57:13,https://example.com/logout,DEBUG,
2025-02-24T07:57:31,https://example.com/logout,ERROR,User authentication failed
2025-04-25T19:53:36,https://example.com/profile,DEBUG,
2025-02-03T04:23:01,https://example.com/home,ERROR,Payment gateway error
2025-03-16T20:01:08,https://example.com/products,WARNING,Session expired
2025-01-08T11:59:59,https://example.com/products,ERROR,Missing resource file
2025-04-05T05:18:19,https://example.com/checkout,ERROR,Session expired
2025-02-02T03:20:39,https://example.com/cart,INFO,
2025-01-26T23:40:49,https://example.com/products,WARNING,Page not found
2025-01-01T16:04:12,https://example.com/login,INFO,
2025-01-10T14:40:07,https://example.com/dashboard,DEBUG,
2025-03-01T19:26:21,https://example.com/profile,DEBUG,
2025-02-20T14:41:12,https://example.com/logout,DEBUG,
2025-03-18T11:21:53,https://example.com/home,DEBUG,
2025-02-07T23:06:51,https://example.com/dashboard,INFO,
2025-01-31T01:32:08,https://example.com/profile,WARNING,User authentication failed
2025-03-09T23:16:41,https://example.com/dashboard,ERROR,Payment gateway error
2025-02-14T09:56:23,https://example.com/login,ERROR,Session expired
2025-02-15T03:55:30,https://example.com/profile,ERROR,Missing resource file
2025-04-14T23:58:15,https://example.com/cart,INFO,
2025-04-04T08:34:09,https://example.com/checkout,DEBUG,
2025-04-16T06:55:31,https://example.com/logout,INFO,
2025-02-27T11:41:37,https://example.com/home,WARNING,Unexpected server error
2025-04-12T10:17:13,https://example.com/checkout,ERROR,Unexpected server error
2025-02-27T02:31:21,https://example.com/profile,ERROR,User authentication failed
2025-03-31T06:45:18,https://example.com/dashboard,DEBUG,
2025-03-11T03:14:37,https://example.com/cart,DEBUG,
2025-04-26T14:49:17,https://example.com/profile,ERROR,Unexpected server error
2025-03-27T14:27:10,https://example.com/login,ERROR,Page not found
2025-03-22T10:51:07,https://example.com/logout,DEBUG,
2025-04-17T11:59:18,https://example.com/dashboard,DEBUG,
2025-03-01T03:56:14,https://example.com/login,DEBUG,
2025-04-03T06:44:36,https://example.com/home,WARNING,User authentication failed
2025-04-17T18:41:28,https://example.com/home,INFO,
2025-01-22T02:06:10,https://example.com/dashboard,WARNING,Missing resource file
2025-01-25T08:21:07,https://example.com/checkout,WARNING,Invalid input data
2025-01-24T11:18:29,https://example.com/login,DEBUG,
2025-04-21T23:06:11,https://example.com/login,INFO,
2025-02-19T19:38:34,https://example.com/checkout,ERROR,Database connection timeout
2025-04-06T23:23:04,https://example.com/profile,DEBUG,
2025-04-15T05:59:08,https://example.com/products,WARNING,User authentication failed
2025-03-25T21:40:14,https://example.com/logout,WARNING,Database connection timeout
2025-01-27T23:01:37,https://example.com/dashboard,WARNING,Database connection timeout
2025-01-29T18:45:39,https://example.com/cart,ERROR,Missing resource file
2025-01-29T00:38:40,https://example.com/dashboard,INFO,
2025-01-20T16:55:08,https://example.com/products,ERROR,Database connection timeout
2025-01-21T06:41:02,https://example.com/products,ERROR,Unexpected server error
2025-02-19T22:00:09,https://example.com/cart,ERROR,Missing resource file
2025-01-17T22:25:42,https://example.com/products,WARNING,Database connection timeout
2025-01-14T14:46:38,https://example.com/logout,DEBUG,
2025-02-07T18:35:59,https://example.com/login,DEBUG,
2025-04-22T18:26:35,https://example.com/cart,WARNING,Unexpected server error
2025-01-16T11:55:34,https://example.com/checkout,INFO,
2025-01-09T21:01:10,https://example.com/dashboard,ERROR,Payment gateway error
2025-03-28T16:57:49,https://example.com/profile,DEBUG,
2025-01-16T18:51:18,https://example.com/products,DEBUG,
2025-01-19T12:43:14,https://example.com/checkout,INFO,
2025-02-11T09:12:38,https://example.com/products,ERROR,Page not found
2025-04-24T17:37:11,https://example.com/cart,INFO,
2025-02-13T13:57:16,https://example.com/products,ERROR,Missing resource file
2025-01-16T15:55:11,https://example.com/products,ERROR,Database connection timeout
2025-01-27T18:53:49,https://example.com/products,WARNING,Database connection timeout
2025-01-18T15:22:17,https://example.com/products,DEBUG,
2025-02-25T08:01:04,https://example.com/home,DEBUG,
2025-02-02T05:06:49,https://example.com/products,INFO,
2025-03-29T15:38:29,https://example.com/login,INFO,
2025-03-26T04:33:07,https://example.com/profile,ERROR,Invalid input data
2025-02-09T16:13:14,https://example.com/home,ERROR,Invalid input data
2025-01-26T02:12:06,https://example.com/cart,ERROR,Unexpected server error
2025-01-14T06:11:01,https://example.com/cart,WARNING,Session expired
2025-01-31T20:31:38,https://example.com/login,INFO,
2025-02-06T08:40:05,https://example.com/home,INFO,
2025-03-10T06:34:49,https://example.com/products,DEBUG,
2025-03-02T12:24:57,https://example.com/login,INFO,
2025-03-11T11:53:51,https://example.com/login,INFO,
2025-04-25T14:32:52,https://example.com/dashboard,INFO,
2025-02-07T13:29:23,https://example.com/login,WARNING,Database connection timeout
2025-04-18T10:03:42,https://example.com/profile,DEBUG,
2025-01-29T20:57:29,https://example.com/dashboard,WARNING,Session expired
2025-02-13T18:01:51,https://example.com/home,WARNING,Unexpected server error
2025-04-08T03:14:47,https://example.com/cart,ERROR,Session expired
2025-03-07T15:36:14,https://example.com/products,WARNING,User authentication failed
2025-01-30T01:04:30,https://example.com/logout,INFO,
2025-01-27T10:31:55,https://example.com/login,INFO,
2025-04-06T06:23:24,https://example.com/cart,DEBUG,
2025-04-16T13:54:39,https://example.com/dashboard,INFO,
2025-02-13T05:10:46,https://example.com/dashboard,WARNING,Page not found
2025-02-24T18:41:07,https://example.com/dashboard,DEBUG,
2025-01-14T07:59:45,https://example.com/checkout,WARNING,Unexpected server error
2025-02-15T04:01:39,https://example.com/login,INFO,
2025-03-01T11:15:21,https://example.com/home,INFO,
2025-01-03T16:53:12,https://example.com/profile,INFO,
2025-03-30T07:36:20,https://example.com/logout,ERROR,Database connection timeout
2025-01-02T20:27:28,https://example.com/cart,WARNING,Page not found
2025-03-20T02:09:10,https://example.com/logout,INFO,
2025-01-12T16:50:28,https://example.com/products,DEBUG,
2025-01-13T11:14:26,https://example.com/home,INFO,
2025-03-12T18:40:13,https://example.com/logout,DEBUG,
2025-01-08T01:46:50,https://example.com/cart,WARNING,Invalid input data
2025-01-25T13:02:52,https://example.com/dashboard,ERROR,Session expired
2025-03-10T05:11:58,https://example.com/dashboard,WARNING,Missing resource file
2025-03-06T08:50:01,https://example.com/login,WARNING,Missing resource file
2025-03-02T19:24:34,https://example.com/logout,DEBUG,
2025-01-23T07:27:44,https://example.com/cart,INFO,
2025-03-01T18:10:39,https://example.com/home,DEBUG,
2025-03-16T12:03:36,https://example.com/cart,ERROR,Session expired
2025-02-20T22:01:23,https://example.com/products,DEBUG,
2025-04-13T18:57:39,https://example.com/dashboard,ERROR,Session expired
2025-01-25T13:34:36,https://example.com/products,WARNING,User authentication failed
2025-01-10T03:22:01,https://example.com/products,WARNING,User authentication failed
2025-01-20T13:16:13,https://example.com/products,INFO,
2025-04-16T08:13:02,https://example.com/home,ERROR,Invalid input data
2025-04-06T23:05:12,https://example.com/cart,ERROR,Unexpected server error
2025-03-14T20:21:23,https://example.com/profile,INFO,
2025-01-28T05:10:48,https://example.com/cart,DEBUG,
2025-02-16T09:55:51,https://example.com/login,INFO,
2025-02-20T11:00:14,https://example.com/profile,ERROR,Missing resource file
2025-01-10T19:42:04,https://example.com/profile,INFO,
2025-03-29T00:49:23,https://example.com/profile,WARNING,Unexpected server error
2025-04-25T14:14:23,https://example.com/cart,ERROR,Database connection timeout
2025-02-20T23:52:24,https://example.com/profile,DEBUG,
2025-02-26T13:18:41,https://example.com/home,INFO,
2025-01-17T12:21:51,https://example.com/checkout,DEBUG,
2025-02-04T07:06:22,https://example.com/logout,ERROR,Missing resource file
2025-02-01T08:08:05,https://example.com/checkout,DEBUG,
2025-04-22T14:36:15,https://example.com/logout,ERROR,Database connection timeout
2025-03-03T09:22:22,https://example.com/dashboard,ERROR,Page not found
2025-01-23T02:54:56,https://example.com/logout,DEBUG,
2025-01-24T14:34:06,https://example.com/products,WARNING,Missing resource file
2025-02-27T17:10:12,https://example.com/login,ERROR,Unexpected server error
2025-02-22T20:18:16,https://example.com/products,DEBUG,
2025-01-29T09:14:29,https://example.com/cart,DEBUG,
2025-03-13T16:44:43,https://example.com/cart,ERROR,User authentication failed
2025-01-10T06:16:30,https://example.com/login,INFO,
2025-01-13T09:44:36,https://example.com/cart,WARNING,Database connection timeout
2025-02-21T04:54:23,https://example.com/cart,WARNING,Payment gateway error
2025-02-13T17:05:38,https://example.com/profile,ERROR,Missing resource file
2025-04-05T02:08:25,https://example.com/products,INFO,
2025-03-05T02:58:44,https://example.com/profile,WARNING,Session expired
2025-01-29T15:59:52,https://example.com/profile,WARNING,Unexpected server error
2025-01-09T12:46:54,https://example.com/cart,WARNING,Payment gateway error
2025-01-07T07:01:20,https://example.com/cart,DEBUG,
2025-01-13T23:10:59,https://example.com/checkout,ERROR,Missing resource file
2025-02-04T02:38:20,https://example.com/profile,ERROR,Page not found
2025-04-06T02:41:42,https://example.com/logout,DEBUG,
2025-03-25T20:25:02,https://example.com/logout,DEBUG,
2025-04-17T11:15:52,https://example.com/dashboard,DEBUG,
2025-01-21T11:02:03,https://example.com/home,ERROR,Invalid input data
2025-04-14T19:10:37,https://example.com/home,INFO,
2025-03-02T19:31:13,https://example.com/cart,ERROR,Database connection timeout
2025-04-16T23:01:57,https://example.com/logout,DEBUG,
2025-03-06T17:54:17,https://example.com/cart,DEBUG,
2025-03-07T00:11:48,https://example.com/dashboard,ERROR,Payment gateway error
2025-02-11T19:43:57,https://example.com/profile,WARNING,User authentication failed
2025-01-28T01:54:33,https://example.com/logout,ERROR,Database connection timeout
2025-01-11T20:59:34,https://example.com/dashboard,WARNING,User authentication failed
2025-03-06T08:08:33,https://example.com/login,ERROR,Unexpected server error
2025-02-24T06:22:09,https://example.com/login,INFO,
2025-03-14T14:03:33,https://example.com/cart,INFO,
2025-01-18T18:09:57,https://example.com/home,INFO,
2025-01-27T01:22:04,https://example.com/dashboard,ERROR,Database connection timeout
2025-03-11T05:27:24,https://example.com/dashboard,ERROR,Payment gateway error
2025-01-18T17:22:05,https://example.com/cart,DEBUG,
2025-01-13T09:55:45,https://example.com/dashboard,DEBUG,
2025-03-08T23:28:21,https://example.com/dashboard,ERROR,Page not found
2025-02-26T07:44:13,https://example.com/home,ERROR,Unexpected server error
2025-01-30T08:06:41,https://example.com/checkout,DEBUG,
2025-03-14T07:46:14,https://example.com/dashboard,WARNING,Unexpected server error
2025-01-14T04:00:20,https://example.com/home,INFO,
2025-02-08T22:05:06,https://example.com/dashboard,DEBUG,
2025-02-17T00:26:13,https://example.com/products,ERROR,Payment gateway error
2025-02-17T03:19:27,https://example.com/login,ERROR,Payment gateway error
2025-02-02T05:17:06,https://example.com/products,INFO,
2025-01-22T04:21:16,https://example.com/dashboard,DEBUG,
2025-03-26T05:19:40,https://example.com/login,ERROR,Missing resource file
2025-01-28T22:36:01,https://example.com/products,INFO,
2025-02-28T14:10:32,https://example.com/logout,INFO,
2025-02-23T22:02:30,https://example.com/logout,DEBUG,
2025-02-25T21:52:57,https://example.com/products,INFO,
2025-01-16T06:17:31,https://example.com/home,ERROR,Payment gateway error
2025-02-28T15:37:57,https://example.com/dashboard,INFO,
2025-03-23T15:22:44,https://example.com/checkout,WARNING,Page not found
2025-02-14T20:48:05,https://example.com/checkout,INFO,
2025-04-24T10:48:07,https://example.com/logout,DEBUG,
2025-04-17T02:23:01,https://example.com/profile,INFO,
2025-04-03T14:54:56,https://example.com/logout,ERROR,Unexpected server error
2025-01-17T20:28:29,https://example.com/products,WARNING,Database connection timeout
2025-04-04T17:59:15,https://example.com/logout,WARNING,Invalid input data
2025-02-07T15:30:07,https://example.com/profile,WARNING,Payment gateway error
2025-01-03T20:40:51,https://example.com/logout,WARNING,Missing resource file
2025-03-24T16:18:46,https://example.com/checkout,INFO,
2025-03-29T22:34:56,https://example.com/profile,WARNING,Missing resource file
2025-02-06T13:18:58,https://example.com/home,ERROR,Payment gateway error
2025-03-01T08:15:53,https://example.com/logout,WARNING,Missing resource file
2025-01-01T04:19:04,https://example.com/cart,ERROR,Missing resource file
2025-02-15T22:27:24,https://example.com/checkout,ERROR,Session expired
2025-01-22T19:00:33,https://example.com/profile,ERROR,Missing resource file
2025-04-01T15:22:45,https://example.com/login,DEBUG,
2025-03-19T05:47:08,https://example.com/profile,ERROR,Session expired
2025-03-21T06:14:06,https://example.com/logout,WARNING,User authentication failed
2025-04-05T08:05:35,https://example.com/products,INFO,
2025-01-08T12:39:46,https://example.com/products,DEBUG,
2025-03-23T13:29:54,https://example.com/cart,DEBUG,
2025-02-16T16:44:30,https://example.com/login,WARNING,Session expired
2025-01-08T15:54:31,https://example.com/profile,WARNING,Page not found
2025-02-20T05:18:43,https://example.com/checkout,DEBUG,
2025-02-21T18:08:40,https://example.com/products,DEBUG,
2025-04-16T21:08:50,https://example.com/checkout,INFO,
2025-02-28T14:00:17,https://example.com/logout,INFO,
2025-04-07T10:22:50,https://example.com/login,INFO,
2025-02-13T11:29:40,https://example.com/products,ERROR,Missing resource file
2025-03-22T02:49:30,https://example.com/dashboard,INFO,
2025-01-02T07:18:16,https://example.com/profile,DEBUG,
2025-01-06T14:28:13,https://example.com/products,ERROR,Payment gateway error
2025-04-13T23:04:55,https://example.com/profile,DEBUG,
2025-02-02T04:01:57,https://example.com/login,WARNING,Payment gateway error
2025-03-06T08:14:28,https://example.com/dashboard,WARNING,Session expired
2025-03-28T15:56:54,https://example.com/cart,WARNING,User authentication failed
2025-03-27T07:45:28,https://example.com/home,ERROR,Unexpected server error
2025-03-05T14:08:56,https://example.com/cart,DEBUG,
2025-01-09T22:51:15,https://example.com/dashboard,WARNING,Unexpected server error
2025-02-11T16:06:33,https://example.com/cart,WARNING,User authentication failed
2025-03-24T01:52:49,https://example.com/logout,INFO,
2025-01-02T00:31:44,https://example.com/checkout,DEBUG,
2025-04-20T03:51:52,https://example.com/checkout,WARNING,User authentication failed
2025-03-30T06:16:38,https://example.com/cart,INFO,
2025-03-17T06:14:46,https://example.com/products,DEBUG,
2025-04-05T21:19:12,https://example.com/dashboard,INFO,
2025-04-23T02:06:17,https://example.com/profile,ERROR,Invalid input data
2025-01-07T23:02:28,https://example.com/logout,WARNING,Invalid input data
2025-02-25T15:45:13,https://example.com/logout,INFO,
2025-02-20T15:06:28,https://example.com/home,WARNING,User authentication failed
2025-01-25T06:39:12,https://example.com/checkout,WARNING,Payment gateway error
2025-02-26T19:01:44,https://example.com/cart,ERROR,User authentication failed
2025-01-09T11:53:24,https://example.com/logout,INFO,
2025-03-25T04:11:08,https://example.com/login,INFO,
2025-04-16T19:49:41,https://example.com/dashboard,WARNING,Invalid input data
2025-02-01T06:22:12,https://example.com/checkout,WARNING,Database connection timeout
2025-03-19T12:27:52,https://example.com/logout,WARNING,Invalid input data
2025-03-26T18:09:05,https://example.com/products,DEBUG,
2025-02-07T21:38:15,https://example.com/home,DEBUG,
2025-03-26T22:48:24,https://example.com/checkout,WARNING,Database connection timeout
2025-02-11T08:57:59,https://example.com/login,WARNING,Unexpected server error
2025-01-11T12:24:03,https://example.com/dashboard,ERROR,Payment gateway error
2025-03-23T20:30:57,https://example.com/checkout,ERROR,Database connection timeout
2025-02-23T15:02:25,https://example.com/products,DEBUG,
2025-03-22T10:30:54,https://example.com/cart,WARNING,Invalid input data
2025-03-23T22:26:56,https://example.com/dashboard,ERROR,Session expired
2025-04-24T13:13:16,https://example.com/login,ERROR,Invalid input data
2025-04-22T01:07:14,https://example.com/checkout,WARNING,Page not found
2025-02-25T18:46:16,https://example.com/checkout,INFO,
2025-03-31T09:10:48,https://example.com/checkout,DEBUG,
2025-03-03T09:08:52,https://example.com/dashboard,WARNING,Missing resource file
2025-03-31T07:00:32,https://example.com/dashboard,INFO,
2025-02-16T02:02:28,https://example.com/logout,INFO,
2025-01-02T15:54:58,https://example.com/home,ERROR,Session expired
2025-03-23T01:07:59,https://example.com/cart,WARNING,Payment gateway error
2025-03-08T04:10:02,https://example.com/logout,WARNING,Unexpected server error
2025-01-31T08:51:17,https://example.com/products,WARNING,Session expired
2025-02-06T16:52:06,https://example.com/login,DEBUG,
2025-02-18T09:06:11,https://example.com/dashboard,WARNING,Page not found
2025-03-30T05:16:37,https://example.com/checkout,INFO,
2025-02-05T19:13:47,https://example.com/logout,WARNING,Database connection timeout
2025-03-17T08:29:01,https://example.com/dashboard,WARNING,Page not found
2025-03-12T18:04:10,https://example.com/products,WARNING,Payment gateway error
2025-02-22T07:33:24,https://example.com/logout,ERROR,Session expired
2025-01-03T07:26:21,https://example.com/checkout,ERROR,User authentication failed
2025-01-22T08:08:28,https://example.com/home,WARNING,Missing resource file
2025-02-21T06:51:11,https://example.com/products,WARNING,User authentication failed
2025-02-09T13:51:17,https://example.com/home,INFO,
2025-03-22T23:12:13,https://example.com/home,WARNING,Page not found
2025-03-09T13:16:55,https://example.com/login,DEBUG,
2025-02-11T02:25:56,https://example.com/cart,ERROR,Invalid input data
2025-02-15T14:12:41,https://example.com/login,ERROR,Page not found
2025-01-24T05:19:40,https://example.com/home,DEBUG,
2025-03-04T04:27:52,https://example.com/logout,ERROR,Payment gateway error
2025-03-12T12:25:51,https://example.com/login,DEBUG,
2025-01-02T03:22:36,https://example.com/logout,WARNING,Page not found
2025-01-02T07:17:46,https://example.com/home,INFO,
2025-04-01T17:07:28,https://example.com/cart,DEBUG,
2025-03-10T03:39:15,https://example.com/dashboard,ERROR,Session expired
2025-02-03T23:16:05,https://example.com/products,INFO,
2025-04-05T19:48:24,https://example.com/dashboard,ERROR,Database connection timeout
2025-01-21T02:11:27,https://example.com/home,DEBUG,
2025-04-24T10:31:13,https://example.com/cart,WARNING,Page not found
2025-01-03T15:09:59,https://example.com/products,ERROR,Page not found
2025-03-19T16:55:31,https://example.com/logout,ERROR,Invalid input data
2025-01-29T17:43:40,https://example.com/checkout,DEBUG,
2025-04-17T01:39:03,https://example.com/home,ERROR,Invalid input data
2025-02-12T20:10:36,https://example.com/products,INFO,
2025-01-02T04:31:10,https://example.com/login,INFO,
2025-04-21T06:00:44,https://example.com/dashboard,ERROR,Unexpected server error
2025-03-03T20:32:45,https://example.com/logout,ERROR,Database connection timeout
2025-04-17T18:44:15,https://example.com/login,INFO,
2025-03-12T00:16:33,https://example.com/checkout,ERROR,Unexpected server error
2025-03-27T08:08:58,https://example.com/home,WARNING,Invalid input data
2025-04-05T16:25:30,https://example.com/products,INFO,
2025-01-22T07:42:43,https://example.com/cart,DEBUG,
2025-03-29T03:06:32,https://example.com/home,INFO,
2025-03-11T19:43:48,https://example.com/products,ERROR,Database connection timeout
2025-04-10T21:44:06,https://example.com/products,INFO,
2025-01-15T15:30:33,https://example.com/profile,DEBUG,
2025-02-28T04:40:31,https://example.com/logout,DEBUG,
2025-03-27T11:04:45,https://example.com/checkout,WARNING,User authentication failed
2025-03-23T10:45:57,https://example.com/login,ERROR,Database connection timeout
2025-04-25T19:53:54,https://example.com/profile,WARNING,Database connection timeout
2025-04-14T12:10:27,https://example.com/cart,WARNING,Page not found
2025-02-13T00:36:52,https://example.com/cart,ERROR,Missing resource file
2025-03-22T05:32:03,https://example.com/products,DEBUG,
2025-03-03T18:07:09,https://example.com/products,ERROR,Database connection timeout
2025-04-04T18:05:28,https://example.com/login,INFO,
2025-04-02T18:53:30,https://example.com/dashboard,WARNING,Session expired
2025-03-06T14:57:55,https://example.com/home,ERROR,Database connection timeout
2025-01-18T10:32:21,https://example.com/profile,ERROR,Payment gateway error
2025-04-01T14:14:32,https://example.com/cart,DEBUG,
2025-01-12T13:24:07,https://example.com/home,DEBUG,
2025-02-01T14:40:30,https://example.com/cart,ERROR,Invalid input data
2025-01-23T07:47:58,https://example.com/login,ERROR,Missing resource file
2025-04-18T16:56:40,https://example.com/logout,INFO,
2025-04-19T06:19:48,https://example.com/dashboard,INFO,
2025-03-20T17:18:16,https://example.com/logout,INFO,
2025-04-18T21:27:22,https://example.com/cart,ERROR,User authentication failed
2025-01-13T05:22:54,https://example.com/checkout,WARNING,Session expired
2025-03-25T06:57:03,https://example.com/products,DEBUG,
2025-02-26T13:27:55,https://example.com/products,DEBUG,
2025-01-20T07:32:55,https://example.com/home,DEBUG,
2025-02-23T08:41:18,https://example.com/logout,DEBUG,
2025-03-17T07:40:54,https://example.com/cart,WARNING,Session expired
2025-02-01T06:27:20,https://example.com/dashboard,INFO,
2025-02-27T03:26:41,https://example.com/home,ERROR,Unexpected server error
2025-03-03T08:56:54,https://example.com/checkout,INFO,
2025-01-27T17:42:01,https://example.com/login,ERROR,Database connection timeout
2025-03-27T19:57:25,https://example.com/dashboard,DEBUG,
2025-04-11T23:29:25,https://example.com/products,DEBUG,
2025-02-05T16:45:20,https://example.com/login,INFO,
2025-03-06T12:52:14,https://example.com/dashboard,INFO,
2025-03-17T19:56:39,https://example.com/dashboard,WARNING,Session expired
2025-02-18T01:50:02,https://example.com/products,INFO,
2025-03-26T02:57:13,https://example.com/cart,WARNING,User authentication failed
2025-01-09T02:39:11,https://example.com/dashboard,ERROR,Payment gateway error
2025-03-16T07:53:51,https://example.com/products,ERROR,Missing resource file
2025-01-01T00:08:51,https://example.com/checkout,INFO,
2025-03-30T00:16:43,https://example.com/dashboard,INFO,
2025-01-27T11:13:04,https://example.com/login,WARNING,Unexpected server error
2025-03-06T02:37:58,https://example.com/logout,ERROR,Invalid input data
2025-02-09T00:51:20,https://example.com/dashboard,WARNING,User authentication failed
2025-02-08T15:29:39,https://example.com/dashboard,WARNING,Missing resource file
2025-02-23T08:26:54,https://example.com/profile,WARNING,Database connection timeout
2025-03-15T06:11:57,https://example.com/cart,DEBUG,
2025-02-13T12:42:58,https://example.com/home,WARNING,Invalid input data
2025-04-23T12:52:36,https://example.com/products,DEBUG,
2025-03-16T00:29:36,https://example.com/checkout,INFO,
2025-01-12T23:24:41,https://example.com/login,INFO,
2025-03-18T22:55:44,https://example.com/login,DEBUG,
2025-03-09T20:07:46,https://example.com/logout,DEBUG,
2025-03-07T15:03:51,https://example.com/profile,WARNING,Database connection timeout
2025-04-24T05:27:26,https://example.com/logout,INFO,
2025-02-03T15:48:42,https://example.com/cart,ERROR,Payment gateway error
2025-04-07T14:56:23,https://example.com/cart,WARNING,Invalid input data
2025-01-01T20:45:38,https://example.com/cart,WARNING,Unexpected server error
2025-02-14T00:10:42,https://example.com/home,INFO,
2025-03-23T01:36:55,https://example.com/profile,ERROR,Database connection timeout
2025-02-01T11:18:18,https://example.com/checkout,ERROR,User authentication failed
2025-02-19T14:34:13,https://example.com/cart,ERROR,Payment gateway error
2025-02-04T01:05:26,https://example.com/profile,DEBUG,
2025-04-03T23:07:49,https://example.com/cart,ERROR,Database connection timeout
2025-01-05T19:48:38,https://example.com/checkout,INFO,
2025-04-20T20:44:43,https://example.com/login,DEBUG,
2025-01-20T11:50:20,https://example.com/checkout,INFO,
2025-03-19T19:08:42,https://example.com/logout,DEBUG,
2025-02-12T04:19:43,https://example.com/checkout,ERROR,Invalid input data
2025-01-28T15:07:45,https://example.com/dashboard,INFO,
2025-01-24T06:29:52,https://example.com/cart,ERROR,User authentication failed
2025-03-04T00:07:24,https://example.com/products,WARNING,Page not found
2025-03-06T19:39:06,https://example.com/logout,INFO,
2025-03-07T18:23:21,https://example.com/checkout,INFO,
2025-01-11T19:10:40,https://example.com/login,DEBUG,
